run,execution_time,hiddensize,batchsize,learningrate,history,activation,nlayers,rmse_train,rmse_val,mae_train,mae_val
0,1.2632205486297607,"[256, 64]",256,0.005,1,<class 'torch.nn.modules.activation.Sigmoid'>,2,0.8864032626152039,0.8806092739105225,0.7009885907173157,0.7132275104522705
1,1.81587815284729,"[128, 256, 256]",16,0.05,2,<class 'torch.nn.modules.activation.Sigmoid'>,3,2.9852609634399414,2.9831087589263916,2.8050267696380615,2.797856569290161
2,2.2556071281433105,"[512, 64]",256,0.01,2,<class 'torch.nn.modules.activation.Sigmoid'>,2,0.9154975414276123,0.89898282289505,0.7164826393127441,0.7186082005500793
3,0.8764581680297852,"[512, 16]",64,0.005,0,<class 'torch.nn.modules.activation.ReLU'>,2,0.6482016444206238,0.6420875191688538,0.4684731662273407,0.50252765417099
4,4.5841710567474365,"[64, 512, 256]",512,0.0001,2,<class 'torch.nn.modules.activation.ReLU'>,3,0.9470285773277283,0.9442458748817444,0.7631711959838867,0.7754998803138733
